recipient_ein,recipient_name,recipient_city,recipient_state,recipient_country,grantor_ein,grantor_org_name,grantor_dba_name,grantor_city,grantor_state,grantor_zip,tax_year,return_type,period_end,filing_id,cash_amount,noncash_amount,total_amount,purpose,grant_id,reported_recipient_ein,reported_recipient_name,final_match_source,final_confidence,deterministic_match_status,deterministic_match_method,deterministic_confidence,ai_decision,ai_confidence
472772048,Learning Policy Institute,PALO ALTO,CA,US,941655673,THE WILLIAM & FLORA HEWLETT FOUNDATION,,MENLO PARK,CA,94025,2024,990PF,2024-12-31,202523189349102727_public,1250000,,1250000,FOR GENERAL OPERATING SUPPORT,13998949,,LEARNING POLICY INSTITUTE,deterministic,0.97,name_address_high_confidence,name_zip_exact,0.97,,
472772048,Learning Policy Institute,PALO ALTO,CA,US,311774905,GS DONOR ADVISED PHILANTHROPY FUND,FOR WEALTH MANAGEMENT INC,NEW YORK,NY,10282,2024,990,2024-12-31,202503109349303645_public,1100000,,1100000,EDUCATION,13348399,472772048,LEARNING POLICY INSTITUTE,deterministic,0.99,ein_exact,reported_ein_known_name_agrees,0.99,,
472772048,Learning Policy Institute,PALO ALTO,CA,US,260799587,THE HEISING-SIMONS FOUNDATION,,LOS ALTOS,CA,94022,2024,990PF,2024-12-31,202543219349106499_public,780000,,780000,FOR GENERAL SUPPORT,13896859,,LEARNING POLICY INSTITUTE,deterministic,0.97,name_address_high_confidence,name_zip_exact,0.97,,
472772048,Learning Policy Institute,PALO ALTO,CA,US,136183757,The Wallace Foundation,,New York,NY,10005,2024,990PF,2024-12-31,202503219349107905_public,653372,,653372,To study the professional-development needs and experiences of principals.,13483073,,Learning Policy Institute,deterministic,0.97,name_address_high_confidence,name_zip_exact,0.97,,
472772048,Learning Policy Institute,PALO ALTO,CA,US,943380194,SKYLINE FOUNDATION,,SAN FRANCISCO,CA,94109,2024,990PF,2024-12-31,202543199349100949_public,500000,,500000,GENERAL SUPPORT,13868871,,LEARNING POLICY INSTITUTE,deterministic,0.97,name_address_high_confidence,name_zip_exact,0.97,,
472772048,Learning Policy Institute,PALO ALTO,CA,US,562618866,GATES FOUNDATION,,SEATTLE,WA,98102,2024,990PF,2024-12-31,202523189349103667_public,341970,,341970,K-12 EDUCATION; PUBLIC AWARENESS AND ANALYSIS,14006291,,LEARNING POLICY INSTITUTE,deterministic,0.97,name_address_high_confidence,name_zip_exact,0.97,,
472772048,Learning Policy Institute,PALO ALTO,CA,US,912173492,RAIKES FOUNDATION,,SEATTLE,WA,981039814,2024,990PF,2024-12-31,202513179349103971_public,300000,,300000,GENERAL OPERATING SUPPORT,14240096,,LEARNING POLICY INSTITUTE,deterministic,0.97,name_address_high_confidence,name_zip_exact,0.97,,
472772048,Learning Policy Institute,PALO ALTO,CA,US,813588323,KELSON FOUNDATION,,SAN FRANCISCO,CA,94109,2024,990PF,2024-12-31,202513179349103806_public,200000,,200000,GENERAL SUPPORT,14239592,,LEARNING POLICY INSTITUTE,deterministic,0.97,name_address_high_confidence,name_zip_exact,0.97,,
472772048,Learning Policy Institute,PALO ALTO,CA,US,136183757,The Wallace Foundation,,New York,NY,10005,2024,990PF,2024-12-31,202503219349107905_public,200000,,200000,To support the organization's Whole Child Policy Table.,13483110,,Learning Policy Institute,deterministic,0.97,name_address_high_confidence,name_zip_exact,0.97,,
472772048,Learning Policy Institute,PALO ALTO,CA,US,770348912,THE SOBRATO FAMILY FOUNDATION,,MOUNTAIN VIEW,CA,94041,2024,990PF,2024-12-31,202523219349105832_public,175000,,175000,TO DEVELOP ACTIONABLE RESEARCH THAT CAPTURES AND ELEVATES PROMISING PRACTICES FOR SUPPORTING EL SUCCESS,14051347,,LEARNING POLICY INSTITUTE,deterministic,0.97,name_address_high_confidence,name_zip_exact,0.97,,
472772048,Learning Policy Institute,PALO ALTO,CA,US,136183757,The Wallace Foundation,,New York,NY,10005,2024,990PF,2024-12-31,202503219349107905_public,150000,,150000,"To commission a think piece exploring links among chronic student absenteeism, teacher workforces, and school leaders.",13483072,,Learning Policy Institute,deterministic,0.97,name_address_high_confidence,name_zip_exact,0.97,,
472772048,Learning Policy Institute,PALO ALTO,CA,US,954523232,THE CALIFORNIA ENDOWMENT,,LOS ANGELES,CA,90012,2024,990PF,2024-12-31,202523179349103557_public,100000,,100000,"ADVANCING STUDENT HEALTH THROUGH EQUITY-CENTERED, EMPOWERING SCHOOLS",13980538,,LEARNING POLICY INSTITUTE,deterministic,0.97,name_address_high_confidence,name_zip_exact,0.97,,
472772048,Learning Policy Institute,PALO ALTO,CA,US,362498125,W Clement & Jessie V Stone Foundation,,Chicago,IL,60601,2024,990PF,2024-12-31,202543109349102004_public,100000,,100000,For continued development and implementation of the Education Preparatory Laboratory (EdPrepLab) Edu,13756582,,Learning Policy Institute,deterministic,0.97,name_address_high_confidence,name_zip_exact,0.97,,
472772048,Learning Policy Institute,PALO ALTO,CA,US,912173492,RAIKES FOUNDATION,,SEATTLE,WA,981039814,2024,990PF,2024-12-31,202513179349103971_public,50000,,50000,A STUDY OF WASHINGTON STATES FUNDING AND POLICY STRATEGIES FOR SUPPORTING STUDENTS EXPERIENCING HOMELESSNESS,14240095,,LEARNING POLICY INSTITUTE,deterministic,0.97,name_address_high_confidence,name_zip_exact,0.97,,
472772048,Learning Policy Institute,PALO ALTO,CA,US,821517696,Amalgamated Charitable Foundation Inc,,Washington,DC,20006,2024,990,2024-12-31,202543179349307759_public,47400,0,47400,General operating support,13837356,472772048,Learning Policy Institute,deterministic,0.99,ein_exact,reported_ein_known_name_agrees,0.99,,
472772048,Learning Policy Institute,PALO ALTO,CA,US,237035089,THE NEA FOUNDATION FOR THE IMPROVEMENT,OF EDUCATION,WASHINGTON,DC,20036,2024,990,2025-08-31,202600309349300620_public,35000,0,35000,SPECIAL GRANTS,14506342,472772048,LEARNING POLICY INSTITUTE,deterministic,0.99,ein_exact,reported_ein_known_name_agrees,0.99,,
472772048,Learning Policy Institute,PALO ALTO,CA,US,912173492,RAIKES FOUNDATION,,SEATTLE,WA,981039814,2024,990PF,2024-12-31,202513179349103971_public,6000,,6000,GENERAL OPERATING SUPPORT,14240094,,LEARNING POLICY INSTITUTE,deterministic,0.97,name_address_high_confidence,name_zip_exact,0.97,,
472772048,Learning Policy Institute,PALO ALTO,CA,US,912173492,RAIKES FOUNDATION,,SEATTLE,WA,981039814,2024,990PF,2024-12-31,202513179349103971_public,2500,,2500,GENERAL OPERATING SUPPORT,14240093,,LEARNING POLICY INSTITUTE,deterministic,0.97,name_address_high_confidence,name_zip_exact,0.97,,
472772048,Learning Policy Institute,PALO ALTO,CA,US,943147856,SANDLER FOUNDATION,,SAN FRANCISCO,CA,94105,2023,990,2024-06-30,202511339349309036_public,3000000,0,3000000,GENERAL SUPPORT,12739861,472772048,LEARNING POLICY INSTITUTE,deterministic,0.99,ein_exact,reported_ein_known_name_agrees,0.99,,
472772048,Learning Policy Institute,PALO ALTO,CA,US,562618866,BILL & MELINDA GATES FOUNDATION,,SEATTLE,WA,98102,2023,990PF,2023-12-31,202433189349102233_public,2000000,,2000000,K-12 EDUCATION; PUBLIC AWARENESS AND ANALYSIS,11357266,,LEARNING POLICY INSTITUTE,deterministic,0.97,name_address_high_confidence,name_zip_exact,0.97,,
472772048,Learning Policy Institute,PALO ALTO,CA,US,941655673,THE WILLIAM & FLORA HEWLETT FOUNDATION,,MENLO PARK,CA,94025,2023,990PF,2023-12-31,202403169349102865_public,1250000,,1250000,FOR GENERAL OPERATING SUPPORT,10817455,,LEARNING POLICY INSTITUTE,deterministic,0.97,name_address_high_confidence,name_zip_exact,0.97,,
472772048,Learning Policy Institute,PALO ALTO,CA,US,203759208,ESB CHARITABLE FOUNDATION,,SAN FRANCISCO,CA,941193809,2023,990PF,2023-12-31,202403039349101230_public,1000000,,1000000,UNRESTRICTED FUNDS TO SUPPORT LEARNING POLICY INSTITUTES WORK,10763476,,LEARNING POLICY INSTITUTE,deterministic,0.97,name_address_high_confidence,name_zip_exact,0.97,,
472772048,Learning Policy Institute,PALO ALTO,CA,US,131628151,CARNEGIE CORPORATION OF NEW YORK,,New York,NY,10022,2023,990PF,2024-09-30,202531929349101203_public,800000,,800000,As a final general support grant,13018749,,Learning Policy Institute,deterministic,0.97,name_address_high_confidence,name_zip_exact,0.97,,
472772048,Learning Policy Institute,PALO ALTO,CA,US,136183757,The Wallace Foundation,,New York,NY,10005,2023,990PF,2023-12-31,202423199349105912_public,800000,,800000,To fund phase 3 of Whole Child Policy Table,11232655,,Learning Policy Institute,deterministic,0.97,name_address_high_confidence,name_zip_exact,0.97,,
472772048,Learning Policy Institute,PALO ALTO,CA,US,133441466,Walton Family Foundation Inc,,Bentonville,AR,72712,2023,990PF,2023-12-31,202413199349102766_public,625000,,625000,"To support working with states to reimagine their science assessments, teaching and learning, and state accountability systems.",11057206,,Learning Policy Institute,deterministic,0.97,name_address_high_confidence,name_zip_exact,0.97,,
472772048,Learning Policy Institute,PALO ALTO,CA,US,311774905,GS DONOR ADVISED PHILANTHROPY FUND,FOR WEALTH MANAGEMENT INC,NEW YORK,NY,10282,2023,990,2023-12-31,202413109349303336_public,622400,,622400,EDUCATION,10982451,472772048,LEARNING POLICY INSTITUTE,deterministic,0.99,ein_exact,reported_ein_known_name_agrees,0.99,,
472772048,Learning Policy Institute,PALO ALTO,CA,US,943380194,SKYLINE FOUNDATION,,SAN FRANCISCO,CA,94109,2023,990PF,2023-12-31,202403199349102075_public,500000,,500000,GENERAL SUPPORT,10855829,,LEARNING POLICY INSTITUTE,deterministic,0.97,name_address_high_confidence,name_zip_exact,0.97,,
472772048,Learning Policy Institute,PALO ALTO,CA,US,912173492,RAIKES FOUNDATION,,SEATTLE,WA,981039814,2023,990PF,2023-12-31,202423189349103987_public,301500,,301500,GENERAL SUPPORT,11203816,,LEARNING POLICY INSTITUTE,deterministic,0.97,name_address_high_confidence,name_zip_exact,0.97,,
472772048,Learning Policy Institute,PALO ALTO,CA,US,562618866,BILL & MELINDA GATES FOUNDATION,,SEATTLE,WA,98102,2023,990PF,2023-12-31,202433189349102233_public,300000,,300000,K-12 EDUCATION,11357265,,LEARNING POLICY INSTITUTE,deterministic,0.97,name_address_high_confidence,name_zip_exact,0.97,,
472772048,Learning Policy Institute,PALO ALTO,CA,US,131628151,CARNEGIE CORPORATION OF NEW YORK,,New York,NY,10022,2023,990PF,2024-09-30,202531929349101203_public,300000,,300000,"As a final grant for a project to continue the development of a middle school science, curriculum-aligned assessment system for state use",13018748,,Learning Policy Institute,deterministic,0.97,name_address_high_confidence,name_zip_exact,0.97,,
472772048,Learning Policy Institute,PALO ALTO,CA,US,260876000,IBIS GROUP,,WASHINGTON,DC,20003,2023,990,2023-12-31,202433179349305383_public,250000,0,250000,EDUCATIONAL GRANT,11342535,472772048,LEARNING POLICY INSTITUTE,deterministic,0.99,ein_exact,reported_ein_known_name_agrees,0.99,,
472772048,Learning Policy Institute,PALO ALTO,CA,US,941655673,THE WILLIAM & FLORA HEWLETT FOUNDATION,,MENLO PARK,CA,94025,2023,990PF,2023-12-31,202403169349102865_public,250000,,250000,FOR DEVELOPMENT OF RESEARCH TO IMPROVE EDUCATION POLICY AND PRACTICE,10817456,,LEARNING POLICY INSTITUTE,deterministic,0.97,name_address_high_confidence,name_zip_exact,0.97,,
472772048,Learning Policy Institute,PALO ALTO,CA,US,136183757,The Wallace Foundation,,New York,NY,10005,2023,990PF,2023-12-31,202423199349105912_public,225000,,225000,To create a report that documents the key levers that states are using to support summer learning programs,11232656,,Learning Policy Institute,deterministic,0.97,name_address_high_confidence,name_zip_exact,0.97,,
472772048,Learning Policy Institute,PALO ALTO,CA,US,954523232,THE CALIFORNIA ENDOWMENT,,LOS ANGELES,CA,90012,2023,990PF,2024-03-31,202540449349100304_public,200000,,200000,"ADVANCING STUDENT HEALTH AND WELL-BEING THROUGH COMMUNITY SCHOOLS: TO INCREASE THE KNOWLEDGE AND CAPACITY OF STUDENTS, FAMILIES AND COMMUNITY LEADERS IN CALIFORNIA TO ADVANCE SAFE AND INCLUSIVE SCHOOLS THAT SUPPORT STUDENT HEALTH, WELL-BEING AND ACADEMIC SUCCESS AND ARE REFLECTIVE OF COMMUNITY NEEDS.",11900315,,LEARNING POLICY INSTITUTE,deterministic,0.97,name_address_high_confidence,name_zip_exact,0.97,,
472772048,Learning Policy Institute,PALO ALTO,CA,US,381359264,WK Kellogg Foundation,,Battle Creek,MI,49017,2023,990PF,2024-08-31,202541889349100144_public,200000,,200000,Early Care and Education,13027163,,LEARNING POLICY INSTITUTE,deterministic,0.985,name_address_high_confidence,name_address_zip_exact,0.985,,
472772048,Learning Policy Institute,PALO ALTO,CA,US,770348912,THE SOBRATO FAMILY FOUNDATION,,MOUNTAIN VIEW,CA,94041,2023,990PF,2023-12-31,202423209349104207_public,175000,,175000,TO DEVELOP ACTIONABLE RESEARCH THAT CAPTURES AND ELEVATES PROMISING PRACTICES FOR SUPPORTING EL SUCCESS,11251412,,LEARNING POLICY INSTITUTE,deterministic,0.97,name_address_high_confidence,name_zip_exact,0.97,,
472772048,Learning Policy Institute,PALO ALTO,CA,US,366078558,The Spencer Foundation,,Chicago,IL,60611,2023,990PF,2024-03-31,202423059349101902_public,150000,,150000,"Advancing SoLD-Aligned, Equity-Focused Educator Preparation and Policy",11141112,,Learning Policy Institute,deterministic,0.97,name_address_high_confidence,name_zip_exact,0.97,,
472772048,Learning Policy Institute,PALO ALTO,CA,US,562618866,BILL & MELINDA GATES FOUNDATION,,SEATTLE,WA,98102,2023,990PF,2023-12-31,202433189349102233_public,100000,,100000,K-12 EDUCATION,11357264,,LEARNING POLICY INSTITUTE,deterministic,0.97,name_address_high_confidence,name_zip_exact,0.97,,
472772048,Learning Policy Institute,PALO ALTO,CA,US,770348912,THE SOBRATO FAMILY FOUNDATION,,MOUNTAIN VIEW,CA,94041,2023,990PF,2023-12-31,202423209349104207_public,100000,,100000,"TO IMPLEMENT A SERIES OF LEARNING SESSIONS DESIGNED TO BUILD THE CAPACITY OF EDUCATORS, COMMUNITY LEADERS, AND POLICYMAKERS TO UNDERSTAND AND ADVOCATE FOR EVIDENCE-BASED PRACTICES THAT SUPPORT THE ACADEMIC SUCCESS AND WELLBEING OF ELS IN SCHOOL.",11251047,,LEARNING POLICY INSTITUTE,deterministic,0.97,name_address_high_confidence,name_zip_exact,0.97,,
472772048,Learning Policy Institute,PALO ALTO,CA,US,362498125,W Clement & Jessie V Stone Foundation,,Chicago,IL,60601,2023,990PF,2023-12-31,202413189349103901_public,90000,,90000,For continued development and implementation of the Education Preparatory Laboratory (EdPrepLab) Edu,11042872,,Learning Policy Institute,deterministic,0.97,name_address_high_confidence,name_zip_exact,0.97,,
472772048,Learning Policy Institute,PALO ALTO,CA,US,366078558,The Spencer Foundation,,Chicago,IL,60611,2023,990PF,2024-03-31,202423059349101902_public,75000,,75000,Preparing Culturally Sustaining and Responsive Teachers,11141111,,Learning Policy Institute,deterministic,0.97,name_address_high_confidence,name_zip_exact,0.97,,
472772048,Learning Policy Institute,PALO ALTO,CA,US,821517696,Amalgamated Charitable Foundation Inc,,Washington,DC,20006,2023,990,2023-12-31,202413159349300006_public,60000,0,60000,General operating support,11008420,472772048,Learning Policy Institute,deterministic,0.99,ein_exact,reported_ein_known_name_agrees,0.99,,
472772048,Learning Policy Institute,PALO ALTO,CA,US,521982223,The Education Trust Inc,,Washington,DC,20005,2023,990,2024-06-30,202500569349301145_public,7000,0,7000,Support,11909180,472772048,Learning Policy Institute,deterministic,0.99,ein_exact,reported_ein_known_name_agrees,0.99,,
472772048,Learning Policy Institute,PALO ALTO,CA,US,943147856,SANDLER FOUNDATION,,SAN FRANCISCO,CA,94105,2022,990,2023-06-30,202401029349300145_public,3000000,0,3000000,GENERAL SUPPORT,9334310,472772048,LEARNING POLICY INSTITUTE,deterministic,0.99,ein_exact,reported_ein_known_name_agrees,0.99,,
472772048,Learning Policy Institute,PALO ALTO,CA,US,455002209,CHAN ZUCKERBERG INITIATIVE FOUNDATION,,PALO ALTO,CA,94301,2022,990PF,2022-12-31,202323199349108607_public,1500000,,1500000,CREATE PROTOTYPES AND INFORM POLICY FOR PERFORMANCE-BASED ASSESSMENT SYSTEMS IN SCIENCE,8567346,,LEARNING POLICY INSTITUTE,deterministic,0.97,name_address_high_confidence,name_zip_exact,0.97,,
472772048,Learning Policy Institute,PALO ALTO,CA,US,941655673,THE WILLIAM & FLORA HEWLETT FOUNDATION,,MENLO PARK,CA,94025,2022,990PF,2022-12-31,202343179349104459_public,1250000,,1250000,FOR GENERAL OPERATING SUPPORT,8857180,,LEARNING POLICY INSTITUTE,deterministic,0.97,name_address_high_confidence,name_zip_exact,0.97,,
472772048,Learning Policy Institute,PALO ALTO,CA,US,133441466,Walton Family Foundation Inc,,Bentonville,AR,72712,2022,990PF,2022-12-31,202323199349103222_public,875000,,875000,"To work with states to reimagine their science assessments, teaching and learning, and state accountability systems.",8548817,,Learning Policy Institute,deterministic,0.97,name_address_high_confidence,name_zip_exact,0.97,,
472772048,Learning Policy Institute,PALO ALTO,CA,US,311774905,GOLDMAN SACHS PHILANTHROPY FUND,,NEW YORK,NY,10282,2022,990,2022-12-31,202312859349302266_public,868500,,868500,EDUCATION,7557872,472772048,LEARNING POLICY INSTITUTE,deterministic,0.99,ein_exact,reported_ein_known_name_agrees,0.99,,
472772048,Learning Policy Institute,PALO ALTO,CA,US,131628151,CARNEGIE CORPORATION OF NEW YORK,,NEW YORK,NY,10022,2022,990PF,2023-09-30,202442259349101009_public,800000,,800000,For support of EdPrepLab initiative,10483402,,Learning Policy Institute,deterministic,0.97,name_address_high_confidence,name_zip_exact,0.97,,
472772048,Learning Policy Institute,PALO ALTO,CA,US,260799587,THE HEISING-SIMONS FOUNDATION,,LOS ALTOS,CA,94022,2022,990PF,2022-12-31,202343189349106059_public,780000,,780000,FOR GENERAL SUPPORT,8882205,,LEARNING POLICY INSTITUTE,deterministic,0.97,name_address_high_confidence,name_zip_exact,0.97,,
472772048,Learning Policy Institute,PALO ALTO,CA,US,943380194,SKYLINE FOUNDATION,,SAN FRANCISCO,CA,94109,2022,990PF,2022-12-31,202323199349102782_public,500000,,500000,LEARNING POLICY INSTITUTE'S EQUITABLE RESOURCES AND EDUCATOR QUALITY PROGRAMS,8545887,,LEARNING POLICY INSTITUTE,deterministic,0.97,name_address_high_confidence,name_zip_exact,0.97,,
472772048,Learning Policy Institute,PALO ALTO,CA,US,562618866,BILL & MELINDA GATES FOUNDATION,,SEATTLE,WA,98102,2022,990PF,2022-12-31,202303179349101020_public,450000,,450000,K-12 EDUCATION,7756106,,LEARNING POLICY INSTITUTE,deterministic,0.97,name_address_high_confidence,name_zip_exact,0.97,,
472772048,Learning Policy Institute,PALO ALTO,CA,US,562618866,BILL & MELINDA GATES FOUNDATION,,SEATTLE,WA,98102,2022,990PF,2022-12-31,202303179349101020_public,303676,,303676,K-12 EDUCATION,7756105,,LEARNING POLICY INSTITUTE,deterministic,0.97,name_address_high_confidence,name_zip_exact,0.97,,
472772048,Learning Policy Institute,PALO ALTO,CA,US,912173492,RAIKES FOUNDATION,,SEATTLE,WA,981039814,2022,990PF,2022-12-31,202343189349102069_public,300000,,300000,GENERAL OPERATING SUPPORT,8866604,,LEARNING POLICY INSTITUTE,deterministic,0.97,name_address_high_confidence,name_zip_exact,0.97,,
472772048,Learning Policy Institute,PALO ALTO,CA,US,941655673,THE WILLIAM & FLORA HEWLETT FOUNDATION,,MENLO PARK,CA,94025,2022,990PF,2022-12-31,202343179349104459_public,300000,,300000,FOR SUPPORTING SOCIOCULTURALLY RESPONSIVE ASSESSMENT SYSTEMS ANCHORED IN OPENSCIED,8857181,,LEARNING POLICY INSTITUTE,deterministic,0.97,name_address_high_confidence,name_zip_exact,0.97,,
472772048,Learning Policy Institute,PALO ALTO,CA,US,562618866,BILL & MELINDA GATES FOUNDATION,,SEATTLE,WA,98102,2022,990PF,2022-12-31,202303179349101020_public,250000,,250000,K-12 EDUCATION,7756107,,LEARNING POLICY INSTITUTE,deterministic,0.97,name_address_high_confidence,name_zip_exact,0.97,,
472772048,Learning Policy Institute,PALO ALTO,CA,US,954523232,THE CALIFORNIA ENDOWMENT,,LOS ANGELES,CA,90012,2022,990PF,2023-03-31,202420469349100607_public,200000,,200000,"ADVANCING STUDENT HEALTH AND WELL-BEING THROUGH COMMUNITY SCHOOLS: TO INCREASE THE KNOWLEDGE AND CAPACITY OF STUDENTS, FAMILIES AND COMMUNITY LEADERS IN CALIFORNIA TO ADVANCE SAFE AND INCLUSIVE SCHOOLS THAT SUPPORT STUDENT HEALTH, WELL-BEING AND ACADEMIC SUCCESS AND ARE REFLECTIVE OF COMMUNITY NEEDS.",9127184,,LEARNING POLICY INSTITUTE,deterministic,0.97,name_address_high_confidence,name_zip_exact,0.97,,
472772048,Learning Policy Institute,PALO ALTO,CA,US,770348912,THE SOBRATO FAMILY FOUNDATION,,MOUNTAIN VIEW,CA,94041,2022,990PF,2022-12-31,202322899349100022_public,200000,,200000,"TO IMPLEMENT A SERIES OF LEARNING SESSIONS DESIGNED TO BUILD THE CAPACITY OF EDUCATORS, COMMUNITY LEADERS, AND POLICYMAKERS TO UNDERSTAND AND ADVOCATE FOR EVIDENCE-BASED PRACTICES THAT SUPPORT THE ACADEMIC SUCCESS AND WELLBEING OF ELS IN SCHOOL.",7613920,,LEARNING POLICY INSTITUTE,deterministic,0.97,name_address_high_confidence,name_zip_exact,0.97,,
472772048,Learning Policy Institute,PALO ALTO,CA,US,381359264,WK Kellogg Foundation,,Battle Creek,MI,49017,2022,990PF,2023-08-31,202431519349100813_public,200000,,200000,provide technical assistance and build capacity of stakeholders to advance evidence-based practices that support adequate and equitably funded public school systems which enable every child to thrive,10222546,,LEARNING POLICY INSTITUTE,deterministic,0.985,name_address_high_confidence,name_address_zip_exact,0.985,,
472772048,Learning Policy Institute,PALO ALTO,CA,US,942278431,THE DAVID AND LUCILE PACKARD FOUNDATION,,LOS ALTOS,CA,940223622,2022,990PF,2022-12-31,202303149349102680_public,150000,,150000,"CHILDREN, FAMILIES, AND COMMUNITIES",7747050,,LEARNING POLICY INSTITUTE,deterministic,0.97,name_address_high_confidence,name_zip_exact,0.97,,
472772048,Learning Policy Institute,PALO ALTO,CA,US,131628151,CARNEGIE CORPORATION OF NEW YORK,,NEW YORK,NY,10022,2022,990PF,2023-09-30,202442259349101009_public,100000,,100000,To conduct a landscape scan and analysis of teacher residency policies and program models across the United States,10483403,,Learning Policy Institute,deterministic,0.97,name_address_high_confidence,name_zip_exact,0.97,,
472772048,Learning Policy Institute,PALO ALTO,CA,US,943285094,THE SILVER LINING FOUNDATION,,SAN FRANCISCO,CA,94111,2022,990PF,2022-12-31,202343179349104409_public,100000,,100000,"TO SUPPORT PROGRAMS CONDUCTING INDEPENDENT, HIGH-QUALITY RESEARCH TO IMPROVE LEARNING FOR EACH AND EVERY CHILD.",8856410,,LEARNING POLICY INSTITUTE,deterministic,0.985,name_address_high_confidence,name_address_zip_exact,0.985,,
472772048,Learning Policy Institute,PALO ALTO,CA,US,362498125,W Clement & Jessie V Stone Foundation,,Chicago,IL,60601,2022,990PF,2022-12-31,202333189349106268_public,90000,,90000,For continued development and implementation of the Education Preparatory Laboratory (EdPrepLab) Edu,8709879,,Learning Policy Institute,deterministic,0.97,name_address_high_confidence,name_zip_exact,0.97,,
472772048,Learning Policy Institute,PALO ALTO,CA,US,916013536,SEATTLE FOUNDATION,,SEATTLE,WA,98101,2022,990,2022-12-31,202323149349304782_public,60000,0,60000,TO PROVIDE GENERAL OPERATING SUPPORT FOR THE RAPID RESPONSE DESK FOR EDUCATIONAL EQUITY,8461889,472772048,LEARNING POLICY INSTITUTE,deterministic,0.99,ein_exact,reported_ein_known_name_agrees,0.99,,
472772048,Learning Policy Institute,PALO ALTO,CA,US,943334424,ROBERT AND RUTH HALPERIN FOUNDATION,,SAN FRANCISCO,CA,94111,2022,990PF,2022-12-31,202303189349104405_public,50000,,50000,"TO SUPPORT PROGRAMS CONDUCTING INDEPENDENT, HIGH-QUALITY RESEARCH TO IMPROVE LEARNING FOR EACH AND EVERY CHILD.",7790651,,LEARNING POLICY INSTITUTE,deterministic,0.985,name_address_high_confidence,name_address_zip_exact,0.985,,
472772048,Learning Policy Institute,PALO ALTO,CA,US,205205488,Silicon Valley Community Foundation,,Mountain View,CA,94041,2022,990,2022-12-31,202333189349318948_public,50000,,50000,Education,8722700,472772048,Learning Policy Institute,deterministic,0.99,ein_exact,reported_ein_known_name_agrees,0.99,,
472772048,Learning Policy Institute,PALO ALTO,CA,US,260799587,THE HEISING-SIMONS FOUNDATION,,LOS ALTOS,CA,94022,2022,990PF,2022-12-31,202343189349106059_public,15000,,15000,TO DEVELOP SAFE REOPENING GUIDELINES FOR SCHOOLS WITH A FOCUS ON CALIFORNIA,8881744,,LEARNING POLICY INSTITUTE,deterministic,0.97,name_address_high_confidence,name_zip_exact,0.97,,
472772048,Learning Policy Institute,PALO ALTO,CA,US,521982223,THE EDUCATION TRUST,,WASHINGTON,DC,20005,2022,990,2023-06-30,202410659349300011_public,8000,0,8000,SUPPORT,9256823,472772048,LEARNING POLICY INSTITUTE,deterministic,0.99,ein_exact,reported_ein_known_name_agrees,0.99,,
472772048,Learning Policy Institute,PALO ALTO,CA,US,136183757,The Wallace Foundation,,New York,NY,10005,2022,990PF,2022-12-31,202303179349101665_public,5174,,5174,To create a knowledge synthesis on principal preparation.,7761271,,Learning Policy Institute,deterministic,0.97,name_address_high_confidence,name_zip_exact,0.97,,
472772048,Learning Policy Institute,PALO ALTO,CA,US,362167000,The Chicago Community Trust,,Chicago,IL,60603,2021,990,2022-09-30,202432279349301703_public,16000000,0,16000000,General operating support,10461874,472772048,Learning Policy Institute,deterministic,0.99,ein_exact,reported_ein_known_name_agrees,0.99,,
472772048,Learning Policy Institute,PALO ALTO,CA,US,943147856,SANDLER FOUNDATION,,SAN FRANCISCO,CA,94105,2021,990,2022-06-30,202320959349300902_public,3500000,0,3500000,GENERAL SUPPORT,6334467,472772048,LEARNING POLICY INSTITUTE,deterministic,0.99,ein_exact,reported_ein_known_name_agrees,0.99,,
472772048,Learning Policy Institute,PALO ALTO,CA,US,133441466,Walton Family Foundation Inc,,Bentonville,AR,72712,2021,990PF,2021-12-31,202223199349107147_public,1500000,,1500000,To support and scale the use of performance assessments in college admissions and K-12 state assessment systems.,18620907,,Learning Policy Institute,deterministic,0.97,name_address_high_confidence,name_zip_exact,0.97,,
472772048,Learning Policy Institute,PALO ALTO,CA,US,941655673,THE WILLIAM & FLORA HEWLETT FOUNDATION,,MENLO PARK,CA,94025,2021,990PF,2021-12-31,202233189349104163_public,1250000,,1250000,FOR GENERAL OPERATING SUPPORT,18759779,,LEARNING POLICY INSTITUTE,deterministic,0.97,name_address_high_confidence,name_zip_exact,0.97,,
472772048,Learning Policy Institute,PALO ALTO,CA,US,205205488,Silicon Valley Community Foundation,,Mountain View,CA,940401498,2021,990,2021-12-31,202223199349318287_public,1100000,0,1100000,Education,18646102,472772048,Learning Policy Institute,deterministic,0.99,ein_exact,reported_ein_known_name_agrees,0.99,,
472772048,Learning Policy Institute,PALO ALTO,CA,US,131628151,CARNEGIE CORPORATION OF NEW YORK,,New York,NY,10022,2021,990PF,2022-09-30,202342269349100709_public,1000000,,1000000,"For EdPrepLab and policy efforts to build a well-prepared, stable, and diverse K-12 educator workforce",7343501,,Learning Policy Institute,deterministic,0.97,name_address_high_confidence,name_zip_exact,0.97,,
472772048,Learning Policy Institute,PALO ALTO,CA,US,136183757,The Wallace Foundation,,New York,NY,10005,2021,990PF,2021-12-31,202203189349106505_public,1000000,,1000000,To implement Phase II of the Whole Child Policy Table.,17792472,,Learning Policy Institute,deterministic,0.97,name_address_high_confidence,name_zip_exact,0.97,,
472772048,Learning Policy Institute,PALO ALTO,CA,US,131628151,CARNEGIE CORPORATION OF NEW YORK,,New York,NY,10022,2021,990PF,2022-09-30,202342269349100709_public,700000,,700000,For a project to develop statewide prototypes for curriculum-anchored performance assessment systems connected to the OpenSciEd middle school science curriculum,7343502,,Learning Policy Institute,deterministic,0.97,name_address_high_confidence,name_zip_exact,0.97,,
472772048,Learning Policy Institute,PALO ALTO,CA,US,562618866,BILL & MELINDA GATES FOUNDATION,,SEATTLE,WA,98102,2021,990PF,2021-12-31,202243159349100839_public,650000,,650000,K-12 EDUCATION,18929773,,LEARNING POLICY INSTITUTE,deterministic,0.97,name_address_high_confidence,name_zip_exact,0.97,,
472772048,Learning Policy Institute,PALO ALTO,CA,US,943380194,YELLOW CHAIR FOUNDATION,,SAN FRANCISCO,CA,94109,2021,990PF,2021-12-31,202243189349104019_public,500000,,500000,LEARNING POLICY LNSTITUTE'S EQUITABLE RESOURCES AND EDUCATOR QUALITY PROGRAMS.,18965851,,LEARNING POLICY INSTITUTE,deterministic,0.97,name_address_high_confidence,name_zip_exact,0.97,,
472772048,Learning Policy Institute,PALO ALTO,CA,US,260799587,THE HEISING-SIMONS FOUNDATION,,LOS ALTOS,CA,94022,2021,990PF,2021-12-31,202243139349101934_public,480000,,480000,FOR GENERAL SUPPORT,18899760,,LEARNING POLICY INSTITUTE,deterministic,0.97,name_address_high_confidence,name_zip_exact,0.97,,
472772048,Learning Policy Institute,PALO ALTO,CA,US,311774905,GOLDMAN SACHS PHILANTHROPY FUND,,NEW YORK,NY,10282,2021,990,2021-12-31,202243089349301314_public,468500,,468500,EDUCATION,18876814,472772048,LEARNING POLICY INSTITUTE,deterministic,0.99,ein_exact,reported_ein_known_name_agrees,0.99,,
472772048,Learning Policy Institute,PALO ALTO,CA,US,912173492,RAIKES FOUNDATION,,SEATTLE,WA,981039814,2021,990PF,2021-12-31,202243189349101439_public,426860,,426860,GENERAL OPERATING SUPPORT,18957067,,LEARNING POLICY INSTITUTE,deterministic,0.97,name_address_high_confidence,name_zip_exact,0.97,,
472772048,Learning Policy Institute,PALO ALTO,CA,US,941655673,THE WILLIAM & FLORA HEWLETT FOUNDATION,,MENLO PARK,CA,94025,2021,990PF,2021-12-31,202233189349104163_public,400000,,400000,FOR GENERAL OPERATING SUPPORT,18759780,,LEARNING POLICY INSTITUTE,deterministic,0.97,name_address_high_confidence,name_zip_exact,0.97,,
472772048,Learning Policy Institute,PALO ALTO,CA,US,562618866,BILL & MELINDA GATES FOUNDATION,,SEATTLE,WA,98102,2021,990PF,2021-12-31,202243159349100839_public,300000,,300000,K-12 EDUCATION,18929774,,LEARNING POLICY INSTITUTE,deterministic,0.97,name_address_high_confidence,name_zip_exact,0.97,,
472772048,Learning Policy Institute,PALO ALTO,CA,US,942278431,THE DAVID AND LUCILE PACKARD FOUNDATION,,LOS ALTOS,CA,940223622,2021,990PF,2021-12-31,202223199349107432_public,272000,,272000,"CHILDREN, FAMILIES, AND COMMUNITIES",18622944,,LEARNING POLICY INSTITUTE,deterministic,0.97,name_address_high_confidence,name_zip_exact,0.97,,
472772048,Learning Policy Institute,PALO ALTA,CA,US,366078558,The Spencer Foundation,,Chicago,IL,60611,2021,990PF,2022-03-31,202300469349100315_public,258750,,258750,Support for Two Post-Doctoral Scholars at the Learning Policy Institute,6088290,,Learning Policy Institute,deterministic,0.97,name_address_high_confidence,name_zip_exact,0.97,,
472772048,Learning Policy Institute,PALO ALTO,CA,US,562618866,BILL & MELINDA GATES FOUNDATION,,SEATTLE,WA,98102,2021,990PF,2021-12-31,202243159349100839_public,250236,,250236,K-12 EDUCATION,18929772,,LEARNING POLICY INSTITUTE,deterministic,0.97,name_address_high_confidence,name_zip_exact,0.97,,
472772048,Learning Policy Institute,PALO ALTO,CA,US,453182571,Pure Edge Inc,,Palm Beach,FL,33480,2021,990PF,2021-12-31,202211189349100901_public,250000,,250000,To enhance the mission objectives of the Learning Policy Institute.,3399914,,Learning Policy Institute,deterministic,0.97,name_address_high_confidence,name_zip_exact,0.97,,
472772048,Learning Policy Institute,PALO ALTO,CA,US,453182571,Pure Edge Inc,,Palm Beach,FL,33480,2021,990PF,2021-12-31,202211189349100901_public,250000,,250000,To enhance the mission objectives of the Learning Policy Institute.,4870179,,Learning Policy Institute,deterministic,0.97,name_address_high_confidence,name_zip_exact,0.97,,
472772048,Learning Policy Institute,PALO ALTO,CA,US,131628151,CARNEGIE CORPORATION OF NEW YORK,,New York,NY,10022,2021,990PF,2022-09-30,202342269349100709_public,134000,,134000,For continued development and implementation of EdPrepLab,7343500,,Learning Policy Institute,deterministic,0.97,name_address_high_confidence,name_zip_exact,0.97,,
472772048,Learning Policy Institute,PALO ALTO,CA,US,916013536,SEATTLE FOUNDATION,,SEATTLE,WA,98101,2021,990,2021-12-31,202233199349311048_public,100000,0,100000,EDUCATIONAL EQUITY,18824291,472772048,LEARNING POLICY INSTITUTE,deterministic,0.99,ein_exact,reported_ein_known_name_agrees,0.99,,
472772048,Learning Policy Institute,PALO ALTO,CA,US,954523232,THE CALIFORNIA ENDOWMENT,,LOS ANGELES,CA,90012,2021,990PF,2022-03-31,202300459349100400_public,99999,,99999,"IMPROVING SCHOOL CLIMATE TO SUPPORT STUDENT HEALTH: TO INCREASE AWARENESS AND GAIN SUPPORT FOR POSITIVE SCHOOL CLIMATE, HEALTHY YOUTH DEVELOPMENT AND RESTORATIVE APPROACHES TO DISCIPLINE BY STRENGTHENING NETWORK BUILDING, SUPPORTING DATA AND RESEARCH ACTIVITIES, AND MONITORING IMPLEMENTATION OF SCHOOL REFORM EFFORTS IN CALIFORNIA.",6086218,,LEARNING POLICY INSTITUTE,deterministic,0.97,name_address_high_confidence,name_zip_exact,0.97,,
472772048,Learning Policy Institute,SAN FRANCISCO,CA,US,943256009,Californians For Justice Education Fund,,San Jose,CA,95133,2021,990,2021-12-31,202223169349300342_public,75000,0,75000,Regrants - Program services,18554171,472772048,Learning Policy Institute,deterministic,0.99,ein_exact,reported_ein_known_name_agrees,0.99,,
472772048,Learning Policy Institute,PALO ALTO,CA,US,362498125,W Clement & Jessie V Stone Foundation,,Chicago,IL,60601,2021,990PF,2021-12-31,202213199349106556_public,70000,,70000,For continued development and implementation of the Education Preparatory Laboratory (EdPrepLab) Edu,18412096,,Learning Policy Institute,deterministic,0.97,name_address_high_confidence,name_zip_exact,0.97,,
472772048,Learning Policy Institute,PALO ALTO,CA,US,362498125,W Clement & Jessie V Stone Foundation,,Chicago,IL,60601,2021,990PF,2021-12-31,202213199349106556_public,60000,,60000,California Shared Learning Initiative,18412097,,Learning Policy Institute,deterministic,0.97,name_address_high_confidence,name_zip_exact,0.97,,
472772048,Learning Policy Institute,PALO ALTO,CA,US,260799587,THE HEISING-SIMONS FOUNDATION,,LOS ALTOS,CA,94022,2021,990PF,2021-12-31,202243139349101934_public,50000,,50000,TO DEVELOP SAFE REOPENING GUIDELINES FOR SCHOOLS WITH A FOCUS ON CALIFORNIA,18899761,,LEARNING POLICY INSTITUTE,deterministic,0.97,name_address_high_confidence,name_zip_exact,0.97,,
472772048,Learning Policy Institute,PALO ALTO,CA,US,136183757,The Wallace Foundation,,New York,NY,10005,2021,990PF,2021-12-31,202203189349106505_public,30451,,30451,To create a knowledge synthesis on principal preparation.,17792471,,Learning Policy Institute,deterministic,0.97,name_address_high_confidence,name_zip_exact,0.97,,
472772048,Learning Policy Institute,PALO ALTO,CA,US,943147856,SANDLER FOUNDATION,,SAN FRANCISCO,CA,94105,2020,990,2021-06-30,202241319349306374_public,3800000,,3800000,GENERAL SUPPORT,4436589,472772048,LEARNING POLICY INSTITUTE,deterministic,0.99,ein_exact,reported_ein_known_name_agrees,0.99,,
472772048,Learning Policy Institute,PALO ALTO,CA,US,943147856,SANDLER FOUNDATION,,SAN FRANCISCO,CA,94105,2020,990,2021-06-30,202241319349306374_public,3800000,,3800000,GENERAL SUPPORT,5906854,472772048,LEARNING POLICY INSTITUTE,deterministic,0.99,ein_exact,reported_ein_known_name_agrees,0.99,,
472772048,Learning Policy Institute,PALO ALTO,CA,US,941655673,THE WILLIAM & FLORA HEWLETT FOUNDATION,,MENLO PARK,CA,94025,2020,990PF,2020-12-31,202123079349101542_public,1250000,,1250000,FOR GENERAL OPERATING SUPPORT,1967868,,LEARNING POLICY INSTITUTE,deterministic,0.97,name_address_high_confidence,name_zip_exact,0.97,,
472772048,Learning Policy Institute,PALO ALTO,CA,US,203759208,SD BECHTEL JR FOUNDATION,,SAN FRANCISCO,CA,941193809,2020,990PF,2020-12-31,202113199349102881_public,1000000,,1000000,FUNDS FOR SEEDING THE SCIENCE OF LEARNING & DEVELOPMENT AND WHOLE CHILD EQUITY INITIATIVES WITH INCLUSION OF YOUTH DEVELOPMENT ORGANIZATIONS,1533063,,LEARNING POLICY INSTITUTE,deterministic,0.97,name_address_high_confidence,name_zip_exact,0.97,,
472772048,Learning Policy Institute,PALO ALTO,CA,US,203759208,SD BECHTEL JR FOUNDATION,,SAN FRANCISCO,CA,941193809,2020,990PF,2020-12-31,202113199349102881_public,750000,,750000,FUNDS FOR LPI TO PURSUE ACTIVITIES ALIGNED WITH FOUNDATION PRIORITIES,1533061,,LEARNING POLICY INSTITUTE,deterministic,0.97,name_address_high_confidence,name_zip_exact,0.97,,
472772048,Learning Policy Institute,PALO ALTO,CA,US,133441466,Walton Family Foundation Inc,,Bentonville,AR,72712,2020,990PF,2020-12-31,202113199349104386_public,500000,,500000,Reimagining College Access,1541761,,Learning Policy Institute,deterministic,0.97,name_address_high_confidence,name_zip_exact,0.97,,
472772048,Learning Policy Institute,PALO ALTO,CA,US,562618866,BILL & MELINDA GATES FOUNDATION,,SEATTLE,WA,98102,2020,990PF,2020-12-31,202143159349100004_public,450000,,450000,K-12 EDUCATION,2945061,,LEARNING POLICY INSTITUTE,deterministic,0.97,name_address_high_confidence,name_zip_exact,0.97,,
472772048,Learning Policy Institute,PALO ALTO,CA,US,912173492,RAIKES FOUNDATION,,SEATTLE,WA,981039814,2020,990PF,2020-12-31,202143189349100669_public,417976,,417976,GENERAL OPERATING SUPPORT,3001060,,LEARNING POLICY INSTITUTE,deterministic,0.97,name_address_high_confidence,name_zip_exact,0.97,,
472772048,Learning Policy Institute,PALO ALTO,CA,US,136183757,The Wallace Foundation,,New York,NY,10005,2020,990PF,2020-12-31,202143339349100409_public,375225,,375225,To create a knowledge synthesis on principal preparation.,3078780,,Learning Policy Institute,deterministic,0.97,name_address_high_confidence,name_zip_exact,0.97,,
472772048,Learning Policy Institute,PALO ALTO,CA,US,562618866,BILL & MELINDA GATES FOUNDATION,,SEATTLE,WA,98102,2020,990PF,2020-12-31,202143159349100004_public,300172,,300172,K-12 EDUCATION,2945060,,LEARNING POLICY INSTITUTE,deterministic,0.97,name_address_high_confidence,name_zip_exact,0.97,,
472772048,Learning Policy Institute,PALO ALTO,CA,US,260799587,THE HEISING-SIMONS FOUNDATION,,LOS ALTOS,CA,94022,2020,990PF,2020-12-31,202133199349105318_public,300000,,300000,FOR GENERAL SUPPORT,2585117,,LEARNING POLICY INSTITUTE,deterministic,0.97,name_address_high_confidence,name_zip_exact,0.97,,
472772048,Learning Policy Institute,PALO ALTO,CA,US,135562388,SOUTHERN EDUCATION FOUNDATION INC,,ATLANTA,GA,30303,2020,990,2020-12-31,202132999349302133_public,294654,,294654,Program Grant,2451315,472772048,Learning Policy Institure,deterministic,0.99,ein_exact,reported_ein_known_name_agrees,0.99,,
472772048,Learning Policy Institute,PALO ALTO,CA,US,203759208,SD BECHTEL JR FOUNDATION,,SAN FRANCISCO,CA,941193809,2020,990PF,2020-12-31,202113199349102881_public,250000,,250000,FUNDS FOR POLICY RESEARCH AND ACTIVITIES THAT ADVANCE HIGH-QUALITY EDUCATOR PREPARATION AND PRACTICE IN CALIFORNIA,1533062,,LEARNING POLICY INSTITUTE,deterministic,0.97,name_address_high_confidence,name_zip_exact,0.97,,
472772048,Learning Policy Institute,PALO ALTO,CA,US,943380194,YELLOW CHAIR FOUNDATION,,SAN FRANCISCO,CA,94109,2020,990PF,2020-12-31,202203139349101040_public,225000,,225000,"TO INFORM, BUILD, AND SUPPORT STATES CAPACITIES TO ADEQUATELY AND EQUITABLY FUND PUBLIC EDUCATION",17730384,,LEARNING POLICY INSTITUTE,deterministic,0.97,name_address_high_confidence,name_zip_exact,0.97,,
472772048,Learning Policy Institute,PALO ALTO,CA,US,381359264,WK Kellogg Foundation,,Battle Creek,MI,49017,2020,990PF,2021-08-31,202241679349100104_public,199920,,199920,build and support state policymakers' capacity to equitably fund state public education systems by increasing their access to high-quality research and technical assistance,4499514,,LEARNING POLICY INSTITUTE,deterministic,0.97,name_address_high_confidence,name_zip_exact,0.97,,
472772048,Learning Policy Institute,PALO ALTO,CA,US,381359264,WK Kellogg Foundation,,Battle Creek,MI,49017,2020,990PF,2021-08-31,202241679349100104_public,199920,,199920,build and support state policymakers' capacity to equitably fund state public education systems by increasing their access to high-quality research and technical assistance,5969779,,LEARNING POLICY INSTITUTE,deterministic,0.97,name_address_high_confidence,name_zip_exact,0.97,,
472772048,Learning Policy Institute,PALO ALTO,CA,US,943285094,THE SILVER LINING FOUNDATION,,SAN FRANCISCO,CA,94111,2020,990PF,2020-12-31,202233199349108143_public,150000,,150000,TO SUPPORT RESEARCH TO IMPROVE LEARNING FOR EACH AND EVERY CHILD,18811204,,LEARNING POLICY INSTITUTE,deterministic,0.985,name_address_high_confidence,name_address_zip_exact,0.985,,
472772048,Learning Policy Institute,PALO ALTO,CA,US,916013536,SEATTLE FOUNDATION,,SEATTLE,WA,98101,2020,990,2020-12-31,202113029349301626_public,100000,,100000,RAPID RESPONSE DESK FOR EDUCATIONAL EQUITY,1091313,472772048,LEARNING POLICY INSTITUTE,deterministic,0.99,ein_exact,reported_ein_known_name_agrees,0.99,,
472772048,Learning Policy Institute,PALO ALTO,CA,US,954523232,THE CALIFORNIA ENDOWMENT,,LOS ANGELES,CA,90012,2020,990PF,2021-03-31,202200419349100325_public,100000,,100000,"IMPROVING SCHOOL CLIMATE TO SUPPORT STUDENT HEALTH AND SUCCESS: TO INCREASE AWARENESS ABOUT THE NEED TO PUT POSITIVE SCHOOL CLIMATE, HEALTHY YOUTH DEVELOPMENT AND RESTORATIVE APPROACHES TO DISCIPLINE AT THE CORE OF EDUCATION REFORM IN CALIFORNIA.",3106180,,LEARNING POLICY INSTITUTE,deterministic,0.97,name_address_high_confidence,name_zip_exact,0.97,,
472772048,Learning Policy Institute,PALO ALTO,CA,US,954523232,THE CALIFORNIA ENDOWMENT,,LOS ANGELES,CA,90012,2020,990PF,2021-03-31,202200419349100325_public,100000,,100000,"IMPROVING SCHOOL CLIMATE TO SUPPORT STUDENT HEALTH AND SUCCESS: TO INCREASE AWARENESS ABOUT THE NEED TO PUT POSITIVE SCHOOL CLIMATE, HEALTHY YOUTH DEVELOPMENT AND RESTORATIVE APPROACHES TO DISCIPLINE AT THE CORE OF EDUCATION REFORM IN CALIFORNIA.",4576445,,LEARNING POLICY INSTITUTE,deterministic,0.97,name_address_high_confidence,name_zip_exact,0.97,,
472772048,Learning Policy Institute,PALO ALTO,CA,US,912173492,RAIKES FOUNDATION,,SEATTLE,WA,981039814,2020,990PF,2020-12-31,202143189349100669_public,80000,,80000,EVIDENCE-BASED POLICY AND PRACTICE TO SUPPORT YOUTH EXPERIENCING HOMELESSNESS,3001059,,LEARNING POLICY INSTITUTE,deterministic,0.97,name_address_high_confidence,name_zip_exact,0.97,,
472772048,Learning Policy Institute,SAN FRANCISCO,CA,US,943256009,Californians For Justice Education Fund,,San Jose,CA,95133,2020,990,2020-12-31,202112749349300531_public,75000,0,75000,Regrants - Program services,1061235,472772048,Learning Policy Institute,deterministic,0.99,ein_exact,reported_ein_known_name_agrees,0.99,,
472772048,Learning Policy Institute,PALO ALTO,CA,US,133441466,Walton Family Foundation Inc,,Bentonville,AR,72712,2020,990PF,2020-12-31,202113199349104386_public,75000,,75000,"Assessment of and for Learning: How to Move Toward Better Assessments, Better Used",1541762,,Learning Policy Institute,deterministic,0.97,name_address_high_confidence,name_zip_exact,0.97,,
472772048,Learning Policy Institute,PALO ALTO,CA,US,362498125,W Clement & Jessie V Stone Foundation,,Chicago,IL,60601,2020,990PF,2020-12-31,202113149349101781_public,70000,,70000,The Educator Preparation Laboratory and Social-Emotional Learning,1130123,,Learning Policy Institute,deterministic,0.97,name_address_high_confidence,name_zip_exact,0.97,,
472772048,Learning Policy Institute,PALO ALTO,CA,US,770348912,THE SOBRATO FAMILY FOUNDATION,,MOUNTAIN VIEW,CA,94041,2020,990PF,2020-12-31,202133169349105168_public,50000,,50000,"TO IMPLEMENT A LEADERSHIP AND POLICY TRAINING INITIATIVE DESIGNED TO BUILD THE CAPACITY OF EDUCATORS, COMMUNITY LEADERS, AND POLICYMAKERS TO UNDERSTAND AND ADVOCATE FOR WHAT BEST PRACTICES, MODELS, AND TOOLS WORK TO SUPPORT ELS IN SCHOOLS.",2557526,,LEARNING POLICY INSTITUTE,deterministic,0.97,name_address_high_confidence,name_zip_exact,0.97,,
472772048,Learning Policy Institute,PALO ALTO,CA,US,912173492,RAIKES FOUNDATION,,SEATTLE,WA,981039814,2020,990PF,2020-12-31,202143189349100669_public,20000,,20000,EVIDENCE-BASED POLICY AND PRACTICE TO SUPPORT YOUTH EXPERIENCING HOMELESSNESS,3001058,,LEARNING POLICY INSTITUTE,deterministic,0.97,name_address_high_confidence,name_zip_exact,0.97,,
472772048,Learning Policy Institute,PALO ALTO,CA,US,362498125,W Clement & Jessie V Stone Foundation,,Chicago,IL,60601,2020,990PF,2020-12-31,202113149349101781_public,20000,,20000,Restarting and Reinventing School in the Time of COVID-19,1130124,,Learning Policy Institute,deterministic,0.97,name_address_high_confidence,name_zip_exact,0.97,,
472772048,Learning Policy Institute,PALO ALTO,CA,US,943147856,SANDLER FOUNDATION,,SAN FRANCISCO,CA,94105,2019,990,2020-06-30,202141329349304039_public,3800000,,3800000,GENERAL SUPPORT,2772224,472772048,LEARNING POLICY INSTITUTE,deterministic,0.99,ein_exact,reported_ein_known_name_agrees,0.99,,
472772048,Learning Policy Institute,PALO ALTO,CA,US,205205488,Silicon Valley Community Foundation,,Mountain View,CA,94040,2019,990,2019-12-31,202003199349301770_public,1650000,,1650000,Education,16518076,472772048,Learning Policy Institute,deterministic,0.99,ein_exact,reported_ein_known_name_agrees,0.99,,
472772048,Learning Policy Institute,PALO ALTO,CA,US,203759208,SD BECHTEL JR FOUNDATION,,SAN FRANCISCO,CA,941193809,2019,990PF,2019-12-31,202023219349101827_public,1500000,,1500000,FUNDS FOR POLICY RESEARCH AND ACTIVITIES THAT ADVANCE HIGH-QUALITY EDUCATOR PREPARATION AND PRACTICE IN CALIFORNIA,17108798,,LEARNING POLICY INSTITUTE,deterministic,0.97,name_address_high_confidence,name_zip_exact,0.97,,
472772048,Learning Policy Institute,PALO ALTO,CA,US,203759208,SD BECHTEL JR FOUNDATION,,SAN FRANCISCO,CA,941193809,2019,990PF,2019-12-31,202023219349101827_public,1500000,,1500000,FUNDS FOR SEEDING THE SCIENCE OF LEARNING & DEVELOPMENT AND WHOLE CHILD EQUITY INITIATIVES WITH INCLUSION OF YOUTH DEVELOPMENT ORGANIZATIONS,17108800,,LEARNING POLICY INSTITUTE,deterministic,0.97,name_address_high_confidence,name_zip_exact,0.97,,
472772048,Learning Policy Institute,PALO ALTO,CA,US,941655673,THE WILLIAM & FLORA HEWLETT FOUNDATION,,MENLO PARK,CA,94025,2019,990PF,2019-12-31,202043089349100749_public,1250000,,1250000,FOR GENERAL OPERATING SUPPORT,17568764,,LEARNING POLICY INSTITUTE,deterministic,0.97,name_address_high_confidence,name_zip_exact,0.97,,
472772048,Learning Policy Institute,PALO ALTO,CA,US,562618866,BILL & MELINDA GATES FOUNDATION,,SEATTLE,WA,98102,2019,990PF,2019-12-31,202033179349101943_public,1200000,,1200000,K-12 EDUCATION,17315216,,LEARNING POLICY INSTITUTE,deterministic,0.97,name_address_high_confidence,name_zip_exact,0.97,,
472772048,Learning Policy Institute,PALO ALTO,CA,US,131628151,CARNEGIE CORPORATION OF NEW YORK,,NEW YORK,NY,10022,2019,990PF,2020-09-30,202131949349100773_public,684000,,684000,FOR PLANNING AND LAUNCH OF THE EDUCATOR PREPARATION INNOVATION CENTER,2377391,,LEARNING POLICY INSTITUTE,deterministic,0.97,name_address_high_confidence,name_zip_exact,0.97,,
472772048,Learning Policy Institute,PALO ALTO,CA,US,131628151,CARNEGIE CORPORATION OF NEW YORK,,NEW YORK,NY,10022,2019,990PF,2020-09-30,202131949349100773_public,666000,,666000,FOR CONTINUED DEVELOPMENT AND IMPLEMENTATION OF EDPREPLAB,2377392,,LEARNING POLICY INSTITUTE,deterministic,0.97,name_address_high_confidence,name_zip_exact,0.97,,
472772048,Learning Policy Institute,PALO ALTO,CA,US,941655673,THE WILLIAM & FLORA HEWLETT FOUNDATION,,MENLO PARK,CA,94025,2019,990PF,2019-12-31,202043089349100749_public,500000,,500000,FOR SUPPORT OF A COALITION TO ADVANCE STATE LEARNING POLICY WORK,17568762,,LEARNING POLICY INSTITUTE,deterministic,0.97,name_address_high_confidence,name_zip_exact,0.97,,
472772048,Learning Policy Institute,PALO ALTO,CA,US,203759208,SD BECHTEL JR FOUNDATION,,SAN FRANCISCO,CA,941193809,2019,990PF,2019-12-31,202023219349101827_public,489918,,489918,FUNDS FOR POLICY RESEARCH AND PRACTICE ACTIVITIES THAT ADVANCE STEM EDUCATION AND CHARACTER DEVELOPMENT IN CALIFORNIA,17108799,,LEARNING POLICY INSTITUTE,deterministic,0.97,name_address_high_confidence,name_zip_exact,0.97,,
472772048,Learning Policy Institute,PALO ALTO,CA,US,260799587,THE HEISING-SIMONS FOUNDATION,,LOS ALTOS,CA,94022,2019,990PF,2019-12-31,202043189349102989_public,300009,,300009,TO PROVIDE RESEARCH-BASED INFORMATION AND ACTIONABLE RECOMMENDATIONS TO POLICYMAKERS TO SUPPORT EFFORTS TO PROVIDE ALL CHILDREN WITH HIGH QUALITY EARLY LEARNING EXPERIENCES,17625647,,LEARNING POLICY INSTITUTE,deterministic,0.97,name_address_high_confidence,name_zip_exact,0.97,,
472772048,Learning Policy Institute,PALO ALTO,CA,US,943380194,YELLOW CHAIR FOUNDATION,,SAN FRANCISCO,CA,94109,2019,990PF,2019-12-31,202203139349101035_public,225000,,225000,"INFORMING, BUILDING, AND SUPPORTING STATES' CAPACITIES TO ADEQUATELY AND EQUITABLE FUND PUBLIC EDUCATION",17730279,,LEARNING POLICY INSTITUTE,deterministic,0.97,name_address_high_confidence,name_zip_exact,0.97,,
472772048,Learning Policy Institute,PALO ALTO,CA,US,453182571,Pure Edge Inc,,Palm Beach,FL,33480,2019,990PF,2019-12-31,202011349349100936_public,150000,,150000,Charitable purposes of Learning Policy Insitute,16634658,,Learning Policy Institute,deterministic,0.97,name_address_high_confidence,name_zip_exact,0.97,,
472772048,Learning Policy Institute,PALO ALTO,CA,US,942278431,THE DAVID AND LUCILE PACKARD FOUNDATION,,LOS ALTOS,CA,940223622,2019,990PF,2019-12-31,202033219349102093_public,150000,,150000,"CHILDREN, FAMILIES, AND COMMUNITIES",17350955,,LEARNING POLICY INSTITUTE,deterministic,0.97,name_address_high_confidence,name_zip_exact,0.97,,
472772048,Learning Policy Institute,PALO ALTO,CA,US,850457010,THORNBURG FOUNDATION,,SANTA FE,NM,87506,2019,990PF,2019-12-31,202013149349101551_public,132271,,132271,DEVELOP A LONG-TERM STRATEGIC PLAN FOR EDUCATION IN NEW MEXICO,16774913,,LEARNING POLICY INSTITUTE,deterministic,0.95,name_address_high_confidence,name_city_state_exact,0.95,,
472772048,Learning Policy Institute,PALO ALTO,CA,US,381359264,WK Kellogg Foundation,,Battle Creek,MI,49017,2019,990PF,2020-08-31,202101549349100405_public,100080,,100080,build and support state policymakers' capacity to equitably fund state public education systems by increasing their access to high-quality research and technical assistance,543445,,LEARNING POLICY INSTITUTE,deterministic,0.97,name_address_high_confidence,name_zip_exact,0.97,,
472772048,Learning Policy Institute,PALO ALTO,CA,US,953510055,CALIFORNIA COMMUNITY FOUNDATION,,LOS ANGELES,CA,90012,2019,990,2020-06-30,202101339349302410_public,100000,,100000,Education,512631,472772048,Learning Policy Institute,deterministic,0.99,ein_exact,reported_ein_known_name_agrees,0.99,,
472772048,Learning Policy Institute,PALO ALTO,CA,US,954523232,THE CALIFORNIA ENDOWMENT,,LOS ANGELES,CA,90012,2019,990PF,2020-03-31,202140349349100904_public,100000,,100000,"IMPROVING SCHOOL CLIMATE TO SUPPORT STUDENT HEALTH AND SUCCESS: TO INCREASE AWARENESS ABOUT THE NEED TO PUT POSITIVE SCHOOL CLIMATE, HEALTHY YOUTH DEVELOPMENT AND RESTORATIVE APPROACHES TO DISCIPLINE AT THE CORE OF EDUCATION REFORM IN CALIFORNIA.",2655301,,LEARNING POLICY INSTITUTE,deterministic,0.97,name_address_high_confidence,name_zip_exact,0.97,,
472772048,Learning Policy Institute,PALO ALTO,CA,US,941655673,THE WILLIAM & FLORA HEWLETT FOUNDATION,,MENLO PARK,CA,94025,2019,990PF,2019-12-31,202043089349100749_public,50000,,50000,FOR SUPPORT OF ORGANIZATIONAL DIVERSITY EQUITY AND INCLUSION CAPACITY TO ADVANCE EDUCATIONAL EQUITY,17568763,,LEARNING POLICY INSTITUTE,deterministic,0.97,name_address_high_confidence,name_zip_exact,0.97,,
472772048,Learning Policy Institute,PALO ALTO,CA,US,943213100,TIDES CENTER,,SAN FRANCISCO,CA,941290907,2019,990,2019-12-31,202003149349303740_public,35000,,35000,QUALITY EDUCATION,16468206,472772048,LEARNING POLICY INSTITUTE,deterministic,0.99,ein_exact,reported_ein_known_name_agrees,0.99,,
472772048,Learning Policy Institute,PALO ALTO,CA,US,943147856,SANDLER FOUNDATION,,SAN FRANCISCO,CA,94105,2018,990,2019-06-30,202021369349303167_public,1500000,,1500000,GENERAL SUPPORT,16919647,472772048,LEARNING POLICY INSTITUTE,deterministic,0.99,ein_exact,reported_ein_known_name_agrees,0.99,,
472772048,Learning Policy Institute,PALO ALTO,CA,US,943147856,SANDLER FOUNDATION,,SAN FRANCISCO,CA,94105,2018,990,2019-06-30,202021369349303167_public,1500000,,1500000,GENERAL SUPPORT,16919649,472772048,LEARNING POLICY INSTITUTE,deterministic,0.99,ein_exact,reported_ein_known_name_agrees,0.99,,
472772048,Learning Policy Institute,PALO ALTO,CA,US,941655673,THE WILLIAM & FLORA HEWLETT FOUNDATION,,MENLO PARK,CA,94025,2018,990PF,2018-12-31,201943129349101269_public,1250000,,1250000,FOR GENERAL OPERATING SUPPORT,16194492,,LEARNING POLICY INSTITUTE,deterministic,0.97,name_address_high_confidence,name_zip_exact,0.97,,
472772048,Learning Policy Institute,PALO ALTO,CA,US,943147856,SANDLER FOUNDATION,,SAN FRANCISCO,CA,94105,2018,990,2019-06-30,202021369349303167_public,1000000,,1000000,GENERAL SUPPORT,16919648,472772048,LEARNING POLICY INSTITUTE,deterministic,0.99,ein_exact,reported_ein_known_name_agrees,0.99,,
472772048,Learning Policy Institute,PALO ALTO,CA,US,203759208,SD BECHTEL JR FOUNDATION,,SAN FRANCISCO,CA,941193809,2018,990PF,2018-12-31,201913179349102361_public,750000,,750000,FUNDS FOR POLICY RESEARCH AND PRACTICE ACTIVITIES THAT ADVANCE STEM EDUCATION AND CHARACTER DEVELOPMENT IN CALIFORNIA,15306329,,LEARNING POLICY INSTITUTE,deterministic,0.97,name_address_high_confidence,name_zip_exact,0.97,,
472772048,Learning Policy Institute,PALO ALTO,CA,US,941655673,THE WILLIAM & FLORA HEWLETT FOUNDATION,,MENLO PARK,CA,94025,2018,990PF,2018-12-31,201943129349101269_public,589344,,589344,FOR SUPPORTING DEEPER LEARNING INITIATIVES,16194493,,LEARNING POLICY INSTITUTE,deterministic,0.97,name_address_high_confidence,name_zip_exact,0.97,,
472772048,Learning Policy Institute,PALO ALTO,CA,US,260799587,THE HEISING-SIMONS FOUNDATION,,LOS ALTOS,CA,94022,2018,990PF,2018-12-31,201903189349101855_public,300000,,300000,INCREASING STATES? CAPACITY TO SUPPORT HIGH-QUALITY EARLY LEARNING,15053433,,LEARNING POLICY INSTITUTE,deterministic,0.97,name_address_high_confidence,name_zip_exact,0.97,,
472772048,Learning Policy Institute,PALO ALTO,CA,US,131684331,The Ford Foundation,,New York,NY,10017,2018,990PF,2018-12-31,201913199349101266_public,250000,,250000,General support,15334264,,Learning Policy institute,deterministic,0.97,name_address_high_confidence,name_zip_exact,0.97,,
472772048,Learning Policy Institute,PALO ALTO,CA,US,841455437,EDUCAUSE,,LOUISVILLE,CO,80027,2018,990,2018-12-31,201932039349300423_public,230000,,230000,COLLEGE READINESS & COMPLETION,15872080,472772048,LEARNING POLICY INSTITUTE,deterministic,0.99,ein_exact,reported_ein_known_name_agrees,0.99,,
472772048,Learning Policy Institute,PALO ALTO,CA,US,131628151,CARNEGIE CORPORATION OF NEW YORK,,NEW YORK,NY,10022,2018,990PF,2019-09-30,202031969349101943_public,200000,,200000,"FOR A STATE POLICY PLAYBOOK BASED ON THE RECOMMENDATIONS OF THE SOCIAL, EMOTIONAL, AND ACADEMIC DEVELOPMENT (SEAD) COMMISSION",332671,,LEARNING POLICY INSTITUTE,deterministic,0.97,name_address_high_confidence,name_zip_exact,0.97,,
472772048,Learning Policy Institute,PALO ALTO,CA,US,131628151,CARNEGIE CORPORATION OF NEW YORK,,NEW YORK,NY,10022,2018,990PF,2019-09-30,202031969349101943_public,150000,,150000,FOR WRITING AND DISSEMINATION OF POLICY PAPERS BASED ON FINDINGS FROM TEACHER PREPARATION FOR DEEPER LEARNING (TPDL) AND LEADER PREPARATION FOR DEEPER LEARNING (LPDL) STUDIES,332670,,LEARNING POLICY INSTITUTE,deterministic,0.97,name_address_high_confidence,name_zip_exact,0.97,,
472772048,Learning Policy Institute,PALO ALTO,CA,US,942278431,The David and Lucile Packard Foundation,,Los Altos,CA,940223632,2018,990PF,2018-12-31,201923199349102877_public,150000,,150000,"Children, Families, and Communities",15610376,,Learning Policy Institute,deterministic,0.97,name_address_high_confidence,name_zip_exact,0.97,,
472772048,Learning Policy Institute,PALO ALTO,CA,US,850457010,THORNBURG FOUNDATION,,SANTA FE,NM,87506,2018,990PF,2018-12-31,201903159349100615_public,132271,,132271,DEVELOP A LONG-TERM STRATEGIC PLAN FOR EDUCATION IN NEW MEXICO,15028189,,LEARNING POLICY INSTITUTE,deterministic,0.95,name_address_high_confidence,name_city_state_exact,0.95,,
472772048,Learning Policy Institute,PALO ALTO,CA,US,942278431,The David and Lucile Packard Foundation,,Los Altos,CA,940223632,2018,990PF,2018-12-31,201923199349102877_public,45000,,45000,"Children, Families, and Communities",15610377,,Learning Policy Institute,deterministic,0.97,name_address_high_confidence,name_zip_exact,0.97,,
472772048,Learning Policy Institute,PALO ALTO,CA,US,942278431,The David and Lucile Packard Foundation,,Los Altos,CA,940223632,2018,990PF,2018-12-31,201923199349102877_public,15000,,15000,"Children, Families, and Communities",15610378,,Learning Policy Institute,deterministic,0.97,name_address_high_confidence,name_zip_exact,0.97,,
472772048,Learning Policy Institute,PALO ALTO,CA,US,943147856,SANDLER FOUNDATION,,SAN FRANCISCO,CA,94105,2017,990,2018-06-30,201901339349302285_public,1500000,,1500000,GENERAL SUPPORT,14883353,472772048,LEARNING POLICY INSTITUTE,deterministic,0.99,ein_exact,reported_ein_known_name_agrees,0.99,,
472772048,Learning Policy Institute,PALO ALTO,CA,US,943147856,SANDLER FOUNDATION,,SAN FRANCISCO,CA,94105,2017,990,2018-06-30,201901339349302285_public,1500000,,1500000,GENERAL SUPPORT,14883355,472772048,LEARNING POLICY INSTITUTE,deterministic,0.99,ein_exact,reported_ein_known_name_agrees,0.99,,
472772048,Learning Policy Institute,PALO ALTO,CA,US,943147856,SANDLER FOUNDATION,,SAN FRANCISCO,CA,94105,2017,990,2018-06-30,201901339349302285_public,1000000,,1000000,GENERAL SUPPORT,14883354,472772048,LEARNING POLICY INSTITUTE,deterministic,0.99,ein_exact,reported_ein_known_name_agrees,0.99,,
472772048,Learning Policy Institute,PALO ALTO,CA,US,203759208,SD BECHTEL JR FOUNDATION,,SAN FRANCISCO,CA,941193809,2017,990PF,2017-12-31,201813199349104376_public,839118,,839118,FUNDS FOR POLICY RESEARCH AND PRACTICE ACTIVITIES THAT ADVANCE STEM EDUCATION AND CHARACTER DEVELOPMENT IN CALIFORNIA.,19481583,,LEARNING POLICY INSTITUTE,deterministic,0.97,name_address_high_confidence,name_zip_exact,0.97,,
472772048,Learning Policy Institute,PALO ALTO,CA,US,131628151,CARNEGIE CORPORATION OF NEW YORK,,NEW YORK,NY,10022,2017,990PF,2018-09-30,201911909349100511_public,816000,,816000,FOR PLANNING AND LAUNCH OF THE EDUCATOR PREPARATION INNOVATION CENTER,15211023,,LEARNING POLICY INSTITUTE,deterministic,0.97,name_address_high_confidence,name_zip_exact,0.97,,
472772048,Learning Policy Institute,PALO ALTO,CA,US,260799587,THE HEISING-SIMONS FOUNDATION,,LOS ALTOS,CA,94022,2017,990PF,2017-12-31,201833189349102488_public,300201,,300201,RESEARCH AND POLICY SUPPORT FOR INVESTMENTS IN EARLY CHILDHOOD EDUCATION,19610389,,LEARNING POLICY INSTITUTE,deterministic,0.97,name_address_high_confidence,name_zip_exact,0.97,,
472772048,Learning Policy Institute,WASHINGTON,DC,US,912173492,RAIKES FOUNDATION,,SEATTLE,WA,981039814,2017,990PF,2017-12-31,201833199349104843_public,300000,,300000,IMPROVING THE CAPACITY OF STATES TO SUPPORT MORE EQUITABLE SCHOOL RESOURCING STRATEGIES,19623381,,LEARNING POLICY INSTITUTE,deterministic,0.88,name_exact,name_unique_national_exact,0.88,,
472772048,Learning Policy Institute,PALO ALTO,CA,US,131684331,The Ford Foundation,,New York,NY,10017,2017,990PF,2017-12-31,201803209349100025_public,250000,,250000,For the Creating Equitable Education Systems project to advance the creation of policies and practices by states and school districts that will lead to equitable school environments,19432949,,Learning Policy Institute,deterministic,0.97,name_address_high_confidence,name_zip_exact,0.97,,
472772048,Learning Policy Institute,PALO ALTO,CA,US,131684331,The Ford Foundation,,New York,NY,10017,2017,990PF,2017-12-31,201803209349100025_public,250000,,250000,General support to conduct and communicate research to improve education policy and practice in order to advance evidencebased policies that support equitable learning for all youth,19432950,,Learning Policy Institute,deterministic,0.97,name_address_high_confidence,name_zip_exact,0.97,,
472772048,Learning Policy Institute,PALO ALTO,CA,US,131628151,CARNEGIE CORPORATION OF NEW YORK,,NEW YORK,NY,10022,2017,990PF,2018-09-30,201911909349100511_public,145800,,145800,FOR RESEARCH THAT ADVANCES UNDERSTANDING OF TEACHER AND LEADERSHIP PREPARATION PRACTICES THAT SUPPORT DEEPER LEARNING FOR DIVERSE LEARNERS,15211022,,LEARNING POLICY INSTITUTE,deterministic,0.97,name_address_high_confidence,name_zip_exact,0.97,,
